question,answer,intent,page_link
"What are the admission requirements?|Quels sont les critères d'admission ?","To join ISET Sfax, you must have completed high school with a recognized diploma (e.g., Tunisian Baccalaureate or equivalent) and submit a complete application file, including transcripts, a copy of your ID, and a recent photo, via the ISET online portal. Specific programs may require minimum grades or entrance exams. Visit our programs page for detailed eligibility criteria.|Pour rejoindre l'ISET Sfax, vous devez avoir terminé vos études secondaires avec un diplôme reconnu (par exemple, le baccalauréat tunisien ou équivalent) et soumettre un dossier complet, incluant relevés de notes, une copie de votre carte d'identité et une photo récente, via le portail en ligne de l'ISET. Certains programmes peuvent exiger des notes minimales ou des examens d'entrée. Visitez notre page de formations pour les critères d'éligibilité détaillés.","admission","https://isetsf.rnu.tn/fr/formations-top"
"How do I register for courses?|Comment m'inscrire aux cours ?","Course registration is straightforward! Log in to the ISET student portal with your credentials, select your courses from the available list, and confirm your choices before the deadline, typically one month before the semester starts. Ensure you’ve met any prerequisites and paid your tuition fees. For guidance, check the registration page or contact registrar@isetsf.rnu.tn.|L'inscription aux cours est simple ! Connectez-vous au portail étudiant ISET avec vos identifiants, sélectionnez vos cours dans la liste disponible et confirmez vos choix avant la date limite, généralement un mois avant le début du semestre. Assurez-vous d'avoir satisfait aux prérequis et réglé vos frais de scolarité. Pour plus d'informations, consultez la page d'inscription ou contactez registrar@isetsf.rnu.tn.","registration","https://isetsf.rnu.tn/fr/registration"
"Where can I find the academic calendar?|Où puis-je trouver le calendrier académique ?","The academic calendar, outlining key dates like registration periods, exam sessions, and holidays, is accessible in the 'Student Zone' on our website. For example, the 2025-2026 semester typically starts in September and ends in June, with exams in January and June. Download the calendar for precise dates.|Le calendrier académique, qui détaille les dates clés telles que les périodes d'inscription, les sessions d'examens et les jours fériés, est accessible dans la 'Zone Étudiant' sur notre site. Par exemple, le semestre 2025-2026 commence généralement en septembre et se termine en juin, avec des examens en janvier et juin. Téléchargez le calendrier pour les dates précises.","calendar","https://isetsf.rnu.tn/fr/calendar"
"What is the academic contact information?|Quelles sont les coordonnées académiques ?","For academic inquiries, reach out to our administrative team at contact@isetsf.rnu.tn or call +216 74 241 388. Our office is open Monday to Friday, 8 AM to 4 PM. Visit the 'Contact Us' page for more details or to submit an inquiry form.|Pour toute question académique, contactez notre équipe administrative à contact@isetsf.rnu.tn ou appelez le +216 74 241 388. Notre bureau est ouvert du lundi au vendredi, de 8h à 16h. Visitez la page 'Contactez-nous' pour plus de détails ou pour soumettre un formulaire de demande.","contact","https://isetsf.rnu.tn/fr/contactez-nous"
"What events or news are happening at ISET?|Quelles sont les actualités ou manifestations à l'ISET ?","Stay informed about ISET Sfax’s latest events, such as academic conferences, career fairs, and student festivals, by visiting our 'News and Events' page. Recent highlights include the 2025 Tech Innovation Summit and annual student gala. Subscribe to our newsletter for updates!|Restez informé des derniers événements de l'ISET Sfax, tels que les conférences académiques, les salons de l'emploi et les festivals étudiants, en visitant notre page 'Actualités et Manifestations'. Parmi les temps forts récents, citons le Sommet de l'Innovation Technologique 2025 et le gala annuel des étudiants. Abonnez-vous à notre newsletter pour les mises à jour !","actualites","https://isetsf.rnu.tn/fr/actualites/manifestations"
"What programs are offered at ISET Sfax?|Quels programmes sont proposés à l'ISET Sfax ?","ISET Sfax offers diverse programs, including National Licenses in Computer Technology, Civil Engineering, and Economics, as well as Professional Master’s degrees in fields like Cloud Computing and Supply Chain Management. All programs are accredited and designed for industry relevance. Explore our programs page for details.|L'ISET Sfax propose une gamme variée de programmes, incluant des Licences Nationales en Technologie de l'Informatique, Génie Civil et Économie, ainsi que des Mastères Professionnels dans des domaines comme l'Informatique en Nuage et la Gestion de la Chaîne d'Approvisionnement. Tous les programmes sont accrédités et conçus pour répondre aux besoins de l'industrie. Explorez notre page de formations pour plus de détails.","programs","https://isetsf.rnu.tn/fr/formations-top"
"Where can I find archived news?|Où puis-je trouver les actualités archivées ?","Browse our 'News Archives' page for past announcements, such as previous academic events, partnership agreements, or student achievements. Archives date back to 2020 and are searchable by year or category.|Parcourez notre page 'Archives des annonces' pour consulter les annonces passées, telles que les événements académiques, les accords de partenariat ou les réussites étudiantes. Les archives remontent à 2020 et sont consultables par année ou catégorie.","archives","https://isetsf.rnu.tn/fr/actualites/archives-des-annonces"
"How can I view tenders and consultations?|Comment consulter les appels d'offres et consultations ?","Our 'Tenders and Consultations' page lists current opportunities for businesses and researchers to collaborate with ISET Sfax. Recent tenders include IT infrastructure upgrades and research partnerships. Check the page regularly for deadlines and application details.|Notre page 'Appels d'offres et consultations' répertorie les opportunités actuelles pour les entreprises et chercheurs souhaitant collaborer avec l'ISET Sfax. Les appels récents incluent des mises à niveau des infrastructures informatiques et des partenariats de recherche. Consultez la page régulièrement pour les dates limites et les détails de candidature.","tenders","https://isetsf.rnu.tn/fr/actualites/appels-doffres-et-consultations"
"What training programs are available at ISET Sfax?|Quels programmes de formation sont disponibles à l'ISET Sfax ?","ISET Sfax offers undergraduate and graduate programs, as well as continuing education and certifications in fields like IT, engineering, and management. Highlights include our Microsoft and SolidWorks certifications. Visit our training page for a full list and application details.|L'ISET Sfax propose des programmes de premier et deuxième cycle, ainsi que des formations continues et des certifications dans des domaines comme l'informatique, l'ingénierie et la gestion. Parmi les points forts, citons nos certifications Microsoft et SolidWorks. Visitez notre page de formations pour une liste complète et les détails de candidature.","training","https://isetsf.rnu.tn/fr/actualites/decouvrez-les-formations-assurees-par-l-iset-de-sfax-doffres-et-consultations"
"Who are ISET’s academic partners?|Qui sont les partenaires académiques de l'ISET ?","ISET Sfax collaborates with global institutions like the University of Tunis and international universities in France and Germany, fostering exchange programs and joint research. Learn more about our academic partnerships on our dedicated page.|L'ISET Sfax collabore avec des institutions mondiales comme l'Université de Tunis et des universités internationales en France et en Allemagne, favorisant les programmes d'échange et la recherche conjointe. Découvrez nos partenariats académiques sur notre page dédiée.","academic_partners","https://isetsf.rnu.tn/fr/actualites/partenaires-academiques"
"Who are ISET’s professional partners?|Qui sont les partenaires professionnels de l'ISET ?","Our professional partners include leading companies like Tunisie Telecom and Sfax-based tech firms, offering internships and job placements. Explore our network of industry partners on our website for collaboration opportunities.|Nos partenaires professionnels incluent des entreprises de premier plan comme Tunisie Telecom et des entreprises technologiques basées à Sfax, offrant des stages et des placements professionnels. Découvrez notre réseau de partenaires industriels sur notre site pour des opportunités de collaboration.","professional_partners","https://isetsf.rnu.tn/fr/actualites/partenaires-professionnels"
"What is the structure of ISET’s training programs?|Quelle est la structure des programmes de formation de l'ISET ?","Our training programs are organized into National Licenses (3 years) and Professional Master’s degrees (2 years), with specializations in economics, engineering, and IT. The organigram on our website details the curriculum and pathways for each program.|Nos programmes de formation sont organisés en Licences Nationales (3 ans) et Mastères Professionnels (2 ans), avec des spécialisations en économie, ingénierie et informatique. L'organigramme sur notre site détaille le curriculum et les parcours pour chaque programme.","training_structure","https://isetsf.rnu.tn/fr/formation/organigramme-de-formation"
"What is the National License in Accounting and Finance?|Qu'est-ce que la Licence Nationale en Comptabilité et Finances ?","This 3-year program trains students in financial reporting, auditing, and budgeting, with courses like Financial Accounting and Corporate Finance. Graduates are prepared for roles in banking and corporate finance. Visit our website for admission details.|Ce programme de 3 ans forme les étudiants à la comptabilité financière, l'audit et la budgétisation, avec des cours comme la Comptabilité Financière et la Finance d'Entreprise. Les diplômés sont préparés pour des rôles dans la banque et la finance d'entreprise. Visitez notre site pour les détails d'admission.","accounting_finance","https://isetsf.rnu.tn/fr/formation/licence-nationale/sciences-economiques-et-de-gestion/comptabilite-finances"
"What is the National License in Management?|Qu'est-ce que la Licence Nationale en Management ?","The National License in Management develops skills in leadership, marketing, and operations. The 3-year curriculum includes Strategic Management and Organizational Behavior, preparing students for managerial roles. Learn more on our program page.|La Licence Nationale en Management développe des compétences en leadership, marketing et opérations. Le curriculum de 3 ans inclut la Gestion Stratégique et le Comportement Organisationnel, préparant les étudiants à des rôles de gestion. En savoir plus sur notre page de programme.","management","https://isetsf.rnu.tn/fr/formation/licence-nationale/sciences-economiques-et-de-gestion/management"
"What is the National License in Commerce and Distribution?|Qu'est-ce que la Licence Nationale en Commerce et Distribution ?","This program focuses on marketing, logistics, and retail management over 3 years, with courses like Supply Chain Management and Consumer Behavior. Graduates excel in sales and distribution roles. Explore the details online.|Ce programme se concentre sur le marketing, la logistique et la gestion du commerce de détail sur 3 ans, avec des cours comme la Gestion de la Chaîne d'Approvisionnement et le Comportement des Consommateurs. Les diplômés excellent dans les rôles de vente et de distribution. Découvrez les détails en ligne.","commerce_distribution","https://isetsf.rnu.tn/fr/formation/licence-nationale/sciences-economiques-et-de-gestion/commerce-distribution"
"What is the National License in Computer Technology?|Qu'est-ce que la Licence Nationale en Technologie de l'Informatique ?","This 3-year program covers programming, networking, and database management, with courses like Java Programming and Network Security. Graduates are ready for IT careers. Check the curriculum on our website.|Ce programme de 3 ans couvre la programmation, les réseaux et la gestion de bases de données, avec des cours comme la Programmation Java et la Sécurité des Réseaux. Les diplômés sont prêts pour des carrières en informatique. Consultez le curriculum sur notre site.","computer_technology","https://isetsf.rnu.tn/fr/formation/licence-nationale/technologie-de-linformatique"
"What is the National License in Process Engineering?|Qu'est-ce que la Licence Nationale en Génie des Procédés ?","The 3-year National License in Process Engineering teaches industrial process design and optimization, with courses like Thermodynamics and Process Simulation. Graduates work in manufacturing and energy sectors. Learn more online.|La Licence Nationale en Génie des Procédés, d'une durée de 3 ans, enseigne la conception et l'optimisation des processus industriels, avec des cours comme la Thermodynamique et la Simulation de Processus. Les diplômés travaillent dans les secteurs de la fabrication et de l'énergie. En savoir plus en ligne.","process_engineering","https://isetsf.rnu.tn/fr/formation/licence-nationale/genie-des-procedes"
"What is the National License in Civil Engineering?|Qu'est-ce que la Licence Nationale en Génie Civil ?","This 3-year program trains students in structural design and construction management, with courses like Structural Analysis and Project Management. Graduates pursue careers in infrastructure development. Visit our page for details.|Ce programme de 3 ans forme les étudiants à la conception structurelle et à la gestion de la construction, avec des cours comme l'Analyse Structurelle et la Gestion de Projets. Les diplômés poursuivent des carrières dans le développement des infrastructures. Visitez notre page pour plus de détails.","civil_engineering","https://isetsf.rnu.tn/fr/formation/licence-nationale/genie-civil"
"What is the Professional Master’s in System Administration, Security, and Cloud Computing?|Qu'est-ce que le Mastère Professionnel en Administration des Systèmes, Sécurité et Cloud Computing ?","This 2-year Master’s program focuses on cloud infrastructure, cybersecurity, and system administration, with courses like Cloud Architecture and Ethical Hacking. It’s ideal for IT professionals. Discover the curriculum online.|Ce programme de Mastère de 2 ans se concentre sur l'infrastructure cloud, la cybersécurité et l'administration des systèmes, avec des cours comme l'Architecture Cloud et le Hacking Éthique. Il est idéal pour les professionnels de l'informatique. Découvrez le curriculum en ligne.","system_administration","https://isetsf.rnu.tn/fr/formation/mastere-professionnel/administration-des-systemes-securite-et-cloud-computing-asscc"
"What is the Professional Master’s in Software and Network Systems Development?|Qu'est-ce que le Mastère Professionnel en Développement des Systèmes Informatiques et Réseaux ?","This 2-year program trains experts in software development and network management, with courses like Advanced Programming and Network Protocols. Graduates work as developers or network engineers. Learn more on our website.|Ce programme de 2 ans forme des experts en développement logiciel et gestion de réseaux, avec des cours comme la Programmation Avancée et les Protocoles de Réseaux. Les diplômés travaillent comme développeurs ou ingénieurs réseaux. En savoir plus sur notre site.","software_networks","https://isetsf.rnu.tn/fr/formation/mastere-professionnel/developpement-des-systemes-informatiques-et-reseaux-dsir"
"What is the Professional Master’s in Industrial Process Instrumentation?|Qu'est-ce que le Mastère Professionnel en Instrumentation des Processus et Procédés Industriels ?,This 2-year Master’s focuses on automation, control systems, and industrial instrumentation, with courses like Process Control and Sensor Technology. Graduates work in manufacturing and automation. Visit our page for details.|Ce Mastère de 2 ans se concentre sur l'automatisation, les systèmes de contrôle et l'instrumentation industrielle, avec des cours comme le Contrôle des Processus et la Technologie des Capteurs. Les diplômés travaillent dans la fabrication et l'automatisation. Visitez notre page pour plus de détails.","industrial_instrumentation","https://isetsf.rnu.tn/fr/formation/mastere-professionnel/instrumentation-des-processus-et-procedes-industriels-ippi"
"What is the Professional Master’s in Innovation and Supply Chain Management?|Qu'est-ce que le Mastère Professionnel en Innovation et Gestion de la Chaîne d'Approvisionnement ?","This 2-year program develops expertise in logistics, procurement, and innovation, with courses like Supply Chain Optimization and Innovation Management. It’s perfect for logistics professionals. Explore the program online.|Ce programme de 2 ans développe une expertise en logistique, approvisionnement et innovation, avec des cours comme l'Optimisation de la Chaîne d'Approvisionnement et la Gestion de l'Innovation. Il est parfait pour les professionnels de la logistique. Découvrez le programme en ligne.","supply_chain","https://isetsf.rnu.tn/fr/formation/mastere-professionnel/innovation-et-supply-chain-management-iscm"
"What is the Professional Master’s in Integrated Quality, Safety, and Environmental Management?|Qu'est-ce que le Mastère Professionnel en Management Intégré Qualité, Sécurité, Santé au Travail et Environnement ?","This 2-year Master’s teaches integrated management systems for quality, safety, and sustainability, with courses like ISO Standards and Risk Management. Graduates work in compliance and safety roles. Learn more on our website.|Ce Mastère de 2 ans enseigne les systèmes de management intégré pour la qualité, la sécurité et la durabilité, avec des cours comme les Normes ISO et la Gestion des Risques. Les diplômés travaillent dans des rôles de conformité et de sécurité. En savoir plus sur notre site.","integrated_management","https://isetsf.rnu.tn/fr/formation/mastere-professionnel/management-integre-qualite-securite-sante-au-travail-et-environnement-miqsse"
"What is the distance learning National License in Computer Technology?|Qu'est-ce que la Licence Nationale en Technologie de l'Informatique à distance ?","This 3-year distance learning program offers flexibility for IT students, covering programming and networking via online platforms. It’s ideal for working professionals. Visit our page for enrollment details.|Ce programme de 3 ans en apprentissage à distance offre une flexibilité pour les étudiants en informatique, couvrant la programmation et les réseaux via des plateformes en ligne. Il est idéal pour les professionnels en activité. Visitez notre page pour les détails d'inscription.","distance_it_license","https://isetsf.rnu.tn/fr/formation/formation-continue-a-distance/licence-nationale/technologie-de-linformatique"
"What is the distance learning Professional Master’s in Software and Network Systems Development?|Qu'est-ce que le Mastère Professionnel en Développement des Systèmes Informatiques et Réseaux à distance ?","This 2-year distance Master’s trains software and network experts through online courses, covering topics like Cloud Development and Network Security. Learn more online.|Ce Mastère de 2 ans à distance forme des experts en logiciels et réseaux via des cours en ligne, couvrant des sujets comme le Développement Cloud et la Sécurité des Réseaux. En savoir plus en ligne.","distance_software_master","https://isetsf.rnu.tn/fr/formation/formation-continue-a-distance/mastere-professionnel/developpement-des-systemes-informatiques-et-reseaux-dsir"
"What is the distance learning Professional Master’s in Innovation and Supply Chain Management?|Qu'est-ce que le Mastère Professionnel en Innovation et Gestion de la Chaîne d'Approvisionnement à distance ?","This 2-year distance program focuses on logistics and innovation, with online courses like Supply Chain Analytics and Innovation Strategies. It’s designed for remote learners. Check the details on our website.|Ce programme de 2 ans à distance se concentre sur la logistique et l'innovation, avec des cours en ligne comme l'Analyse de la Chaîne d'Approvisionnement et les Stratégies d'Innovation. Il est conçu pour les apprenants à distance. Consultez les détails sur notre site.","distance_supply_chain","https://isetsf.rnu.tn/fr/formation/formation-continue-a-distance/mastere-professionnel/innovation-et-supply-chain-management-iscm"
"Who are the distinguished alumni of ISET?|Qui sont les lauréats distingués de l'ISET ?","Our alumni include leaders in tech, engineering, and business, such as award-winning engineers and startup founders. Visit our 'Distinguished Alumni' page to read their success stories and career paths.|Nos anciens élèves incluent des leaders en technologie, ingénierie et affaires, tels que des ingénieurs primés et des fondateurs de startups. Visitez notre page 'Lauréats' pour lire leurs histoires de succès et parcours professionnels.","alumni","https://isetsf.rnu.tn/fr/formation/laureats"
"How do I apply for a Professional Master’s program?|Comment postuler à un programme de Mastère Professionnel ?","Apply online via our portal by submitting your academic transcripts, a CV, and a motivation letter. Deadlines are typically in July for the fall semester. Check eligibility and steps on our Master’s application page.|Postulez en ligne via notre portail en soumettant vos relevés de notes, un CV et une lettre de motivation. Les dates limites sont généralement en juillet pour le semestre d'automne. Vérifiez l'éligibilité et les étapes sur notre page de candidature au Mastère.","master_application","https://isetsf.rnu.tn/fr/formation/candidature-en-mastere-professionnel"
"What is ISET’s quality management approach?|Quelle est l'approche de l'ISET en matière de management de la qualité ?","Our quality management approach follows ISO 9001 standards, ensuring excellence in teaching, research, and services. We conduct regular audits and student feedback surveys. Learn more on our 'Quality Approach' page.|Notre approche de management de la qualité suit les normes ISO 9001, garantissant l'excellence dans l'enseignement, la recherche et les services. Nous réalisons des audits réguliers et des enquêtes de satisfaction des étudiants. En savoir plus sur notre page 'Démarche Qualité'.","quality_management","https://isetsf.rnu.tn/fr/management-qualite/demarche-qualite"
"What is ISET’s quality policy?|Quelle est la politique qualité de l'ISET ?","Our quality policy commits to continuous improvement, student satisfaction, and industry alignment. It’s guided by our Quality Assurance Committee. Read the full policy on our website.|Notre politique qualité s'engage à l'amélioration continue, la satisfaction des étudiants et l'alignement avec l'industrie. Elle est guidée par notre Comité d'Assurance Qualité. Lisez la politique complète sur notre site.","quality_policy","https://isetsf.rnu.tn/fr/management-qualite/politique-qualite"
"What is ISET’s social responsibility approach?|Quelle est l'approche de l'ISET en matière de responsabilité sociétale ?","We promote sustainability through green campus initiatives, community outreach, and inclusive education. Recent projects include solar energy adoption and local charity drives. Learn more on our page.|Nous promouvons la durabilité à travers des initiatives de campus vert, des actions communautaires et une éducation inclusive. Les projets récents incluent l'adoption de l'énergie solaire et des campagnes caritatives locales. En savoir plus sur notre page.","social_responsibility","https://isetsf.rnu.tn/fr/management-qualite/responsabilite-societale"
"What is ISET’s strategic plan?|Quel est le plan stratégique de l'ISET ?","Our 2023-2028 strategic plan focuses on digital transformation, international partnerships, and employability. Key goals include expanding online learning and research centers. Explore the plan online.|Notre plan stratégique 2023-2028 met l'accent sur la transformation numérique, les partenariats internationaux et l'employabilité. Les objectifs clés incluent l'expansion de l'apprentissage en ligne et des centres de recherche. Découvrez le plan en ligne.","strategic_plan","https://isetsf.rnu.tn/fr/management-qualite/plan-strategique"
"How are complaints handled at ISET?|Comment les réclamations sont-elles traitées à l'ISET ?","Complaints are submitted via an online form and reviewed by our Quality Unit within 7 days. We ensure fair resolution and follow-up. Visit our 'Complaint Handling' page for the process.|Les réclamations sont soumises via un formulaire en ligne et examinées par notre Unité Qualité sous 7 jours. Nous garantissons une résolution équitable et un suivi. Visitez notre page 'Traitement des réclamations' pour le processus.","complaints","https://isetsf.rnu.tn/fr/management-qualite/traitement-des-reclamations"
"What is the Monitoring and Vigilance Unit at ISET?|Qu'est-ce que la Cellule de Suivi et de Veille à l'ISET ?","The Monitoring and Vigilance Unit oversees quality compliance and risk management, conducting regular assessments. It reports to the Quality Committee. Learn more on our website.|La Cellule de Suivi et de Veille supervise la conformité qualité et la gestion des risques, réalisant des évaluations régulières. Elle rend compte au Comité Qualité. En savoir plus sur notre site.","monitoring_unit","https://isetsf.rnu.tn/fr/management-qualite/cellule-de-suivi-et-de-veille-csv"
"What is the EPST at ISET?|Qu'est-ce que l'EPST à l'ISET ?","The EPST (Évaluation des Programmes et Structures de Formation) evaluates training programs to ensure they meet national standards. It supports accreditation efforts. Visit our page for details.|L'EPST (Évaluation des Programmes et Structures de Formation) évalue les programmes de formation pour garantir leur conformité aux normes nationales. Il soutient les efforts d'accréditation. Visitez notre page pour plus de détails.","epst","https://isetsf.rnu.tn/fr/management-qualite/epst"
"What accreditations does ISET hold?|Quelles accréditations l'ISET détient-il ?","ISET Sfax is accredited by the Tunisian Ministry of Higher Education and recognized by international bodies for select programs. Our engineering and IT degrees meet EU standards. Learn more on our 'Accreditation' page.|L'ISET Sfax est accrédité par le Ministère tunisien de l'Enseignement Supérieur et reconnu par des organismes internationaux pour certains programmes. Nos diplômes en ingénierie et informatique respectent les normes européennes. En savoir plus sur notre page 'Accréditation'.","accreditation","https://isetsf.rnu.tn/fr/management-qualite/accreditation"
"How does ISET combat plagiarism?|Comment l'ISET lutte-t-il contre le plagiat ?","We use Turnitin software and strict academic policies to detect and prevent plagiarism. Students receive training on academic integrity. Visit our page for our anti-plagiarism guidelines.|Nous utilisons le logiciel Turnitin et des politiques académiques strictes pour détecter et prévenir le plagiat. Les étudiants reçoivent une formation sur l'intégrité académique. Visitez notre page pour nos lignes directrices anti-plagiat.","plagiarism","https://isetsf.rnu.tn/fr/management-qualite/lutte-contre-le-plagiat"
"What is the PAQ-DGSE project at ISET?|Qu'est-ce que le projet PAQ-DGSE à l'ISET ?","The PAQ-DGSE project, funded by the Ministry, enhances governance, teaching, and research through four domains. It runs from 2023-2026. Learn about it on our project page.|Le projet PAQ-DGSE, financé par le Ministère, améliore la gouvernance, l'enseignement et la recherche à travers quatre domaines. Il se déroule de 2023 à 2026. En savoir plus sur notre page de projet.","paq_dgse","https://isetsf.rnu.tn/fr/projets-et-partenariats/paq/paq-dgse/presentation-du-projet"
"What is the focus of Domain 1 in the PAQ-DGSE project?|Quel est l'objectif du Domaine 1 dans le projet PAQ-DGSE ?","Domain 1 improves institutional governance through better decision-making and transparency, including digital dashboards for management. Visit our page for details.|Le Domaine 1 améliore la gouvernance institutionnelle grâce à une meilleure prise de décision et transparence, incluant des tableaux de bord numériques pour la gestion. Visitez notre page pour plus de détails.","paq_dgse_domain1","https://isetsf.rnu.tn/fr/projets-et-partenariats/paq/paq-dgse/domaine-1-gestion-et-gouvernance"
"What is the focus of Domain 2 in the PAQ-DGSE project?|Quel est l'objectif du Domaine 2 dans le projet PAQ-DGSE ?","Domain 2 enhances training programs and employability by aligning curricula with industry needs and expanding internships. Learn more on our website.|Le Domaine 2 améliore les programmes de formation et l'employabilité en alignant les curriculums sur les besoins de l'industrie et en élargissant les stages. En savoir plus sur notre site.","paq_dgse_domain2","https://isetsf.rnu.tn/fr/projets-et-partenariats/paq/paq-dgse/domaine-2-formation-employabilite"
"What is the focus of Domain 3 in the PAQ-DGSE project?|Quel est l'objectif du Domaine 3 dans le projet PAQ-DGSE ?","Domain 3 promotes research and innovation through new labs and industry partnerships, focusing on AI and renewable energy. Visit our page for more information.|Le Domaine 3 promeut la recherche et l'innovation à travers de nouveaux laboratoires et partenariats industriels, en se concentrant sur l'IA et les énergies renouvelables. Visitez notre page pour plus d'informations.","paq_dgse_domain3","https://isetsf.rnu.tn/fr/projets-et-partenariats/paq/paq-dgse/domaine-3-recherche-et-innovation"
"What is the focus of Domain 4 in the PAQ-DGSE project?|Quel est l'objectif du Domaine 4 dans le projet PAQ-DGSE ?","Domain 4 improves student life with better facilities, clubs, and mental health support, including a new student center. Learn more online.|Le Domaine 4 améliore la vie étudiante avec de meilleures installations, clubs et soutien à la santé mentale, incluant un nouveau centre étudiant. En savoir plus en ligne.","paq_dgse_domain4","https://isetsf.rnu.tn/fr/projets-et-partenariats/paq/paq-dgse/domaine-4-vie-universitaire"
"What is the PAQ-COCO-ISCM project?|Qu'est-ce que le projet PAQ-COCO-ISCM ?","The PAQ-COCO-ISCM project supports supply chain innovation through training and research, focusing on logistics tech. It includes industry workshops. Visit our page for details.|Le projet PAQ-COCO-ISCM soutient l'innovation dans la chaîne d'approvisionnement à travers la formation et la recherche, en se concentrant sur la technologie logistique. Il inclut des ateliers industriels. Visitez notre page pour plus de détails.","paq_coco_iscm","https://isetsf.rnu.tn/fr/projets-et-partenariats/paq/paq-coco-iscm/presentation-du-projet"
"What is the Creativity Lab in the PAQ-COCO-ISCM project?|Qu'est-ce que le Creativity Lab dans le projet PAQ-COCO-ISCM ?","The Creativity Lab fosters innovation with workshops, hackathons, and prototyping spaces for supply chain solutions. It’s open to students and professionals. Learn more on our website.|Le Creativity Lab favorise l'innovation avec des ateliers, des hackathons et des espaces de prototypage pour des solutions de chaîne d'approvisionnement. Il est ouvert aux étudiants et professionnels. En savoir plus sur notre site.","creativity_lab","https://isetsf.rnu.tn/fr/projets-et-partenariats/paq/paq-coco-iscm/creativity-lab"
"What is the PAQ-4C project?|Qu'est-ce que le projet PAQ-4C ?","The PAQ-4C project enhances career services through job fairs, resume workshops, and industry networking events. It’s part of our 4C Center. Visit our page for more information.|Le projet PAQ-4C améliore les services de carrière à travers des salons de l'emploi, des ateliers de CV et des événements de réseautage industriel. Il fait partie de notre Centre 4C. Visitez notre page pour plus d'informations.","paq_4c","https://isetsf.rnu.tn/fr/projets-et-partenariats/paq/paq-4c"
"What is the PAQ-PRICE project?|Qu'est-ce que le projet PAQ-PRICE ?","The PAQ-PRICE project funds research in cutting-edge fields like IoT and green tech, supporting faculty and student projects. Learn more online.|Le projet PAQ-PRICE finance la recherche dans des domaines de pointe comme l'IoT et les technologies vertes, soutenant les projets des professeurs et étudiants. En savoir plus en ligne.","paq_price","https://isetsf.rnu.tn/fr/projets-et-partenariats/paq/paq-price"
"What is the PAQ-POST-PFE project?|Qu'est-ce que le projet PAQ-POST-PFE ?","The PAQ-POST-PFE project helps students transition to careers after final internships, offering job placement support and alumni mentoring. Visit our page for details.|Le projet PAQ-POST-PFE aide les étudiants à passer à la vie professionnelle après les stages de fin d'études, offrant un soutien à l'insertion professionnelle et un mentorat des anciens. Visitez notre page pour plus de détails.","paq_post_pfe","https://isetsf.rnu.tn/fr/projets-et-partenariats/paq/paq-post-pfe"
"How can companies create a professional account with ISET?|Comment les entreprises peuvent-elles créer un compte professionnel avec l'ISET ?","Companies can register for a professional account via our portal to access internship postings, recruitment tools, and partnership opportunities. Submit your company details and await approval within 48 hours. Visit our page for the process.|Les entreprises peuvent s'inscrire pour un compte professionnel via notre portail pour accéder aux offres de stages, outils de recrutement et opportunités de partenariat. Soumettez les détails de votre entreprise et attendez l'approbation sous 48 heures. Visitez notre page pour le processus.","professional_account","https://isetsf.rnu.tn/fr/entreprises/demande-de-compte-professionnel"
"What are industrial visits at ISET?|Que sont les visites industrielles à l'ISET ?","Industrial visits allow students to tour facilities like manufacturing plants and tech firms, gaining practical insights. Recent visits included Tunisie Telecom’s data center. Learn more on our website.|Les visites industrielles permettent aux étudiants de visiter des installations comme des usines et des entreprises technologiques, acquérant des connaissances pratiques. Les visites récentes incluent le centre de données de Tunisie Telecom. En savoir plus sur notre site.","industrial_visits","https://isetsf.rnu.tn/fr/entreprises/visites-industrielles"
"What services does the Technological Research Center offer?|Quels services offre le Centre de Recherche Technologique ?","The Technological Research Center provides R&D support, product testing, and consulting for industries like IT and engineering. Recent projects include AI-driven logistics solutions. Visit our page for details.|Le Centre de Recherche Technologique offre un soutien à la R&D, des tests de produits et des services de conseil pour des industries comme l'informatique et l'ingénierie. Les projets récents incluent des solutions logistiques basées sur l'IA. Visitez notre page pour plus de détails.","research_center_services","https://isetsf.rnu.tn/fr/entreprises/centre-de-recherche-technologique-crt/expertise-prestations"
"What training does the Technological Research Center provide?|Quelles formations propose le Centre de Recherche Technologique ?","The Center offers tailored training in AI, IoT, and advanced manufacturing for professionals. Programs range from 1-day workshops to 6-month courses. Learn more online.|Le Centre propose des formations sur mesure en IA, IoT et fabrication avancée pour les professionnels. Les programmes vont d'ateliers d'une journée à des cours de 6 mois. En savoir plus en ligne.","research_center_training","https://isetsf.rnu.tn/fr/entreprises/centre-de-recherche-technologique-crt/formations"
"How does ISET support industry partnerships?|Comment l'ISET soutient-il les partenariats avec l'industrie ?","We foster partnerships through joint R&D, technology transfer, and internship programs. Recent collaborations include a smart city project with a local tech firm. Visit our page for collaboration opportunities.|Nous favorisons les partenariats à travers la R&D conjointe, le transfert de technologie et les programmes de stages. Les collaborations récentes incluent un projet de ville intelligente avec une entreprise technologique locale. Visitez notre page pour les opportunités de collaboration.","industry_partnerships","https://isetsf.rnu.tn/fr/entreprises/partenariat-et-transfert-technologique"
"What is the enrollment procedure at ISET?|Quelle est la procédure d'inscription à l'ISET ?","Enroll by submitting your application online, paying the registration fee (approx. 200 TND), and attending an orientation session. The process starts in June for the fall semester. Follow the steps on our 'Academic Life' page.|Inscrivez-vous en soumettant votre candidature en ligne, en payant les frais d'inscription (environ 200 TND) et en participant à une session d'orientation. Le processus commence en juin pour le semestre d'automne. Suivez les étapes sur notre page 'Vie universitaire'.","enrollment","https://isetsf.rnu.tn/fr/vie-universitaire/scolarite/procedure-d-inscription"
"How can I request a transfer to ISET?|Comment puis-je demander une mutation vers l'ISET ?","Submit a transfer request with your academic records and a motivation letter by May 31 for the next academic year. Transfers depend on program availability. Visit our page for the procedure.|Soumettez une demande de mutation avec vos relevés académiques et une lettre de motivation avant le 31 mai pour l'année académique suivante. Les mutations dépendent de la disponibilité des programmes. Visitez notre page pour la procédure.","transfer","https://isetsf.rnu.tn/fr/vie-universitaire/scolarite/procedure-de-mutation"
"How can I request a program reorientation?|Comment puis-je demander une réorientation de programme ?","Reorientation requests are submitted via the student portal by the end of the first semester, with a justification letter. Approval depends on academic performance. Learn more on our website.|Les demandes de réorientation sont soumises via le portail étudiant avant la fin du premier semestre, avec une lettre de justification. L'approbation dépend des performances académiques. En savoir plus sur notre site.","reorientation","https://isetsf.rnu.tn/fr/vie-universitaire/scolarite/procedure-reorientation"
"How do I withdraw my enrollment?|Comment retirer mon inscription ?","Submit a withdrawal form via the student portal or in person at the registrar’s office. Refunds, if applicable, follow our fee policy. Check the process on our 'Academic Life' page.|Soumettez un formulaire de retrait via le portail étudiant ou en personne au bureau du registraire. Les remboursements, si applicables, suivent notre politique de frais. Vérifiez le processus sur notre page 'Vie universitaire'.","withdrawal","https://isetsf.rnu.tn/fr/vie-universitaire/scolarite/procedure-de-retrait-d-inscription"
"How can I obtain my diploma?|Comment obtenir mon diplôme ?","After completing your program, request your diploma at the registrar’s office with proof of completion. Processing takes 2-4 weeks. Visit our page for the procedure.|Après avoir terminé votre programme, demandez votre diplôme au bureau du registraire avec une preuve d'achèvement. Le traitement prend 2 à 4 semaines. Visitez notre page pour la procédure.","diploma","https://isetsf.rnu.tn/fr/vie-universitaire/scolarite/procedure-d-obtention-des-diplomes"
"How do I request academic certificates?|Comment demander des attestations académiques ?","Request certificates like transcripts or enrollment proof via the student portal or registrar’s office. Fees may apply (approx. 10 TND). Learn more online.|Demandez des attestations comme des relevés de notes ou une preuve d'inscription via le portail étudiant ou le bureau du registraire. Des frais peuvent s'appliquer (environ 10 TND). En savoir plus en ligne.","certificates","https://isetsf.rnu.tn/fr/vie-universitaire/scolarite/demande-d-attestations"
"How do I request special academic conditions?|Comment demander des conditions académiques spécifiques ?","Special conditions, like accommodations for disabilities, are requested via a form with supporting documents. Contact the registrar for assistance. Visit our page for details.|Les conditions spécifiques, comme des aménagements pour les handicaps, sont demandées via un formulaire avec des documents justificatifs. Contactez le registraire pour de l'aide. Visitez notre page pour plus de détails.","special_conditions","https://isetsf.rnu.tn/fr/vie-universitaire/scolarite/demande-de-condition-specifique"
"What are initiation internships at ISET?|Que sont les stages d'initiation à l'ISET ?","Initiation internships, typically in the first year, introduce students to workplace environments over 4-6 weeks. Recent internships were with local IT firms. Learn more on our website.|Les stages d'initiation, généralement en première année, introduisent les étudiants aux environnements professionnels sur 4 à 6 semaines. Les stages récents étaient avec des entreprises informatiques locales. En savoir plus sur notre site.","initiation_internships","https://isetsf.rnu.tn/fr/vie-universitaire/stages/initiation"
"What are advanced internships at ISET?|Que sont les stages de perfectionnement à l'ISET ?","Advanced internships, in the second or third year, focus on skill development over 8-12 weeks, often in engineering or management roles. Visit our page for details.|Les stages de perfectionnement, en deuxième ou troisième année, se concentrent sur le développement des compétences sur 8 à 12 semaines, souvent dans des rôles d'ingénierie ou de gestion. Visitez notre page pour plus de détails.","advanced_internships","https://isetsf.rnu.tn/fr/vie-universitaire/stages/perfectionnement"
"What are final-year internships at ISET?|Que sont les stages de fin d'études à l'ISET ?","Final-year internships, lasting 3-6 months, involve capstone projects with companies, preparing students for careers. Recent projects included AI applications. Learn more online.|Les stages de fin d'études, d'une durée de 3 à 6 mois, impliquent des projets de fin d'études avec des entreprises, préparant les étudiants à leur carrière. Les projets récents incluaient des applications d'IA. En savoir plus en ligne.","final_internships","https://isetsf.rnu.tn/fr/vie-universitaire/stages/fin-detudes"
"What Microsoft certifications are offered at ISET?|Quelles certifications Microsoft sont proposées à l'ISET ?","We offer Microsoft certifications like Azure Administrator and Microsoft 365 Fundamentals, taught through workshops and exams. Visit our page for the full list and schedules.|Nous proposons des certifications Microsoft comme Azure Administrator et Microsoft 365 Fundamentals, enseignées via des ateliers et examens. Visitez notre page pour la liste complète et les horaires.","microsoft_certifications","https://isetsf.rnu.tn/fr/vie-universitaire/formations-certifiantes/microsoft"
"What SolidWorks certifications are offered at ISET?|Quelles certifications SolidWorks sont proposées à l'ISET ?","SolidWorks certifications, like CSWA and CSWP, train students in 3D CAD design for engineering. Courses run each semester. Learn more on our website.|Les certifications SolidWorks, comme CSWA et CSWP, forment les étudiants à la conception 3D CAO pour l'ingénierie. Les cours sont proposés chaque semestre. En savoir plus sur notre site.","solidworks_certifications","https://isetsf.rnu.tn/fr/vie-universitaire/formations-certifiantes/solidworks"
"What student clubs are available at ISET?|Quels clubs étudiants sont disponibles à l'ISET ?","Our 10+ student clubs cover tech, culture, and sports, including Robotics and French Clubs. They host events like coding competitions and cultural nights. Explore the list on our website.|Nos plus de 10 clubs étudiants couvrent la technologie, la culture et le sport, incluant les clubs de Robotique et de Français. Ils organisent des événements comme des compétitions de codage et des soirées culturelles. Découvrez la liste sur notre site.","student_clubs","https://isetsf.rnu.tn/fr/vie-universitaire/clubs-"
"What is the Microsoft Tech Club at ISET Sfax?|Qu'est-ce que le Microsoft Tech Club à l'ISET Sfax ?","The Microsoft Tech Club organizes hackathons, workshops, and tech talks, focusing on Azure and AI. Recent events included a 2025 AI Challenge. Learn more online.|Le Microsoft Tech Club organise des hackathons, ateliers et conférences technologiques, axés sur Azure et l'IA. Les événements récents incluent un Défi IA 2025. En savoir plus en ligne.","microsoft_tech_club","https://isetsf.rnu.tn/fr/article/639/microsoft-tech-club-iset-sfax"
"What is the .NET Club at ISET?|Qu'est-ce que le Club .NET à l'ISET ?","The .NET Club teaches C# and .NET development through coding bootcamps and projects, like building web apps. It’s open to all students. Visit our page for details.|Le Club .NET enseigne le développement C# et .NET à travers des bootcamps de codage et des projets, comme la création d'applications web. Il est ouvert à tous les étudiants. Visitez notre page pour plus de détails.","dotnet_club","https://isetsf.rnu.tn/fr/article/577/club-dotnet"
"What is the Robotics Club at ISET Sfax?|Qu'est-ce que le Club de Robotique à l'ISET Sfax ?","The Robotics Club builds and competes with robots, hosting events like the 2025 RoboRace. It’s ideal for engineering students. Learn more online.|Le Club de Robotique construit et concourt avec des robots, organisant des événements comme le RoboRace 2025. Il est idéal pour les étudiants en ingénierie. En savoir plus en ligne.","robotics_club","https://isetsf.rnu.tn/fr/article/576/club-robotique-iset-sfax"
"What is the French Club at ISET?|Qu'est-ce que le Club de Français à l'ISET ?","The French Club promotes French language and culture through film screenings, debates, and exchange programs with French universities. Visit our page for activities.|Le Club de Français promeut la langue et la culture françaises à travers des projections de films, des débats et des programmes d'échange avec des universités françaises. Visitez notre page pour les activités.","french_club","https://isetsf.rnu.tn/fr/article/575/le-club-de-francais"
"What is the Future Graduate Club at ISET?|Qu'est-ce que le Club Futur Licencié à l'ISET ?","The Future Graduate Club offers career workshops, mock interviews, and networking events to prepare students for graduation. Recent sessions included CV reviews. Learn more on our website.|Le Club Futur Licencié propose des ateliers de carrière, des simulations d'entretiens et des événements de réseautage pour préparer les étudiants à l'obtention de leur diplôme. Les sessions récentes incluaient des révisions de CV. En savoir plus sur notre site.","future_graduate_club","https://isetsf.rnu.tn/fr/article/574/club-futur-licencier"
"What is the Technology Club at ISET Sfax?|Qu'est-ce que le Club de Technologie à l'ISET Sfax ?","The Technology Club (CTIS) explores emerging tech like blockchain and IoT through seminars and projects. It hosted a 2025 Tech Expo. Visit our page for details.|Le Club de Technologie (CTIS) explore les technologies émergentes comme la blockchain et l'IoT à travers des séminaires et projets. Il a organisé une Expo Tech 2025. Visitez notre page pour plus de détails.","technology_club","https://isetsf.rnu.tn/fr/article/573/club-de-technologie-a-liset-de-sfax-ctis"
"What sports activities are available at ISET?|Quelles activités sportives sont disponibles à l'ISET ?","We offer soccer, basketball, and table tennis, with annual tournaments like the ISET Sports Day in May. Facilities include a gym and fields. Learn more on our 'Sports' page.|Nous proposons du football, du basketball et du tennis de table, avec des tournois annuels comme la Journée Sportive de l'ISET en mai. Les installations incluent une salle de sport et des terrains. En savoir plus sur notre page 'Activités sportives'.","sports","https://isetsf.rnu.tn/fr/vie-universitaire/activite-sportive"
"What cultural activities are offered at ISET?|Quelles activités culturelles sont proposées à l'ISET ?","Cultural activities include theater, music festivals, and art exhibitions, like the 2025 ISET Cultural Week. Students can join organizing committees. Visit our page for upcoming events.|Les activités culturelles incluent le théâtre, les festivals de musique et les expositions d'art, comme la Semaine Culturelle de l'ISET 2025. Les étudiants peuvent rejoindre les comités d'organisation. Visitez notre page pour les événements à venir.","cultural_activities","https://isetsf.rnu.tn/fr/vie-universitaire/activites-culturelles"
"What student events are organized at ISET?|Quels événements étudiants sont organisés à l'ISET ?","Student events range from tech hackathons to charity drives and gala nights, like the 2025 Student Fest. Check our page for the event calendar and how to participate.|Les événements étudiants vont des hackathons technologiques aux collectes de fonds caritatives et soirées de gala, comme le Fest Étudiant 2025. Consultez notre page pour le calendrier des événements et comment participer.","student_events","https://isetsf.rnu.tn/fr/vie-universitaire/manifestations-estudiantines"
"What resources does the ISET library offer?|Quelles ressources offre la bibliothèque de l'ISET ?","Our library provides 10,000+ books, e-journals, and databases like IEEE Xplore, plus study spaces. It’s open 8 AM-6 PM weekdays. Visit our page for online access details.|Notre bibliothèque propose plus de 10 000 livres, des revues électroniques et des bases de données comme IEEE Xplore, ainsi que des espaces d'étude. Elle est ouverte de 8h à 18h en semaine. Visitez notre page pour les détails d'accès en ligne.","library","https://isetsf.rnu.tn/fr/vie-universitaire/bibliotheque"
"What is the Listening Cell at ISET?|Qu'est-ce que la Cellule d'Écoute à l'ISET ?","The Listening Cell offers confidential counseling for academic or personal issues, staffed by trained psychologists. Appointments are available via email. Learn more on our website.|La Cellule d'Écoute offre des conseils confidentiels pour les problèmes académiques ou personnels, avec des psychologues formés. Les rendez-vous sont disponibles par e-mail. En savoir plus sur notre site.","listening_cell","https://isetsf.rnu.tn/fr/vie-universitaire/cellule-decoute"
"How does ISET support student entrepreneurs?|Comment l'ISET soutient-il les étudiants entrepreneurs ?","Our 4C Center provides mentorship, startup workshops, and funding pitches for student entrepreneurs. Recent successes include a student-led logistics app. Visit our page for details.|Notre Centre 4C offre du mentorat, des ateliers de startup et des pitches de financement pour les étudiants entrepreneurs. Parmi les succès récents, une application logistique dirigée par des étudiants. Visitez notre page pour plus de détails.","student_entrepreneur","https://isetsf.rnu.tn/fr/vie-universitaire/etudiant-entrepreneur"
"What is the 4C Center at ISET?|Qu'est-ce que le Centre 4C à l'ISET ?","The 4C Center (Career, Competencies, Certifications, and Creativity) supports students with career services, certifications, and innovation labs. It hosts 50+ events annually. Learn more on our website.|Le Centre 4C (Carrière, Compétences, Certifications et Créativité) soutient les étudiants avec des services de carrière, des certifications et des laboratoires d'innovation. Il organise plus de 50 événements par an. En savoir plus sur notre site.","4c_center","https://isetsf.rnu.tn/fr/centre-4c/presentation"
"What certifications does the 4C Center offer?|Quelles certifications propose le Centre 4C ?","The 4C Center offers certifications in project management (PMP), Cisco networking, and more, with flexible schedules. Visit our page for the full catalog and registration.|Le Centre 4C propose des certifications en gestion de projet (PMP), réseaux Cisco, et plus, avec des horaires flexibles. Visitez notre page pour le catalogue complet et l'inscription.","4c_certifications","https://isetsf.rnu.tn/fr/centre-4c/formations-certifiantes"
"What is the activity plan of the 4C Center?|Quel est le plan d'activités du Centre 4C ?","The 4C Center’s 2025 plan includes job fairs, coding bootcamps, and entrepreneurship seminars, with events every month. Check the schedule online for registration details.|Le plan 2025 du Centre 4C inclut des salons de l'emploi, des bootcamps de codage et des séminaires d'entrepreneuriat, avec des événements chaque mois. Consultez le calendrier en ligne pour les détails d'inscription.","4c_activity_plan","https://isetsf.rnu.tn/fr/centre-4c/plan-dactivites"
"How does the 4C Center support student entrepreneurs?|Comment le Centre 4C soutient-il les étudiants entrepreneurs ?","The 4C Center offers incubation programs, pitch competitions, and access to investors for student startups. Recent winners secured seed funding. Visit our page for details.|Le Centre 4C propose des programmes d'incubation, des compétitions de pitch et un accès aux investisseurs pour les startups étudiantes. Les récents gagnants ont obtenu un financement initial. Visitez notre page pour plus de détails.","4c_entrepreneur","https://isetsf.rnu.tn/fr/centre-4c/etudiant-entrepreneur"
"How do I log in to the ISET portal?|Comment me connecter au portail ISET ?","Use your student ID and password to log in to the ISET portal for course registration and grades. New students receive credentials during orientation. Visit our login page for help.|Utilisez votre identifiant étudiant et votre mot de passe pour vous connecter au portail ISET pour l'inscription aux cours et les notes. Les nouveaux étudiants reçoivent leurs identifiants lors de l'orientation. Visitez notre page de connexion pour de l'aide.","login","https://isetsf.rnu.tn/fr/login"
"What do I do if I forgot my ISET portal password?|Que faire si j'ai oublié mon mot de passe du portail ISET ?","Click 'Forgot Password' on the login page, enter your student email, and follow the reset link sent within minutes. Contact IT support if issues persist. Visit our page for assistance.|Cliquez sur 'Mot de passe oublié' sur la page de connexion, entrez votre e-mail étudiant et suivez le lien de réinitialisation envoyé en quelques minutes. Contactez le support informatique en cas de problèmes persistants. Visitez notre page pour de l'aide.","forgot_password","https://isetsf.rnu.tn/fr/forgot-password",
"What is machine learning?|Qu'est-ce que le machine learning ?","Machine learning (ou apprentissage automatique) est une branche de l'intelligence artificielle qui permet aux ordinateurs d'apprendre à partir de données sans être explicitement programmés. Il est utilisé dans de nombreux domaines comme la reconnaissance vocale, la vision par ordinateur, ou encore les systèmes de recommandation.|Machine learning is a field of artificial intelligence that allows computers to learn from data without being explicitly programmed. It's used in areas like voice recognition, computer vision, and recommendation systems.","machine_learning","https://fr.wikipedia.org/wiki/Apprentissage_automatique"

